id,is_with_parentheses,section,poem_body,poem_body_with_ruby,is_boozeism,footnote
1,0,解き得ぬ謎,"チューリップのおもて、糸杉のあで姿よ、
わが面影のいかばかり麗しかろうと、
なんのためにこうしてわれを久遠の絵師は
土のうてなになんか飾ったものだろう？","チューリップのおもて、糸杉のあで姿よ、
わが面影のいかばかり麗うるわしかろうと、
なんのためにこうしてわれを久遠の絵師は
土のうてなになんか飾ったものだろう？",0,
2,0,解き得ぬ謎,"もともと無理やりつれ出された世界なんだ、
生きてなやみのほか得るところ何があったか？
今は、何のために来り住みそして去るのやら
わかりもしないで、しぶしぶ世を去るのだ！","もともと無理やりつれ出された世界なんだ、
生きてなやみのほか得るところ何があったか？
今は、何のために来きたり住みそして去るのやら
わかりもしないで、しぶしぶ世を去るのだ！",0,
3,0,解き得ぬ謎,"自分が来て宇宙になんの益があったか？
また行けばとて格別変化があったか？
いったい何のためにこうして来り去るのか、
この耳に説きあかしてくれた人があったか？","自分が来て宇宙になんの益があったか？
また行けばとて格別変化があったか？
いったい何のためにこうして来り去るのか、
この耳に説きあかしてくれた人があったか？",0,
4,0,解き得ぬ謎,"魂よ、謎を解くことはお前には出来ない。
さかしい知者の立場になることは出来ない。
せめては酒と盃でこの世に楽土をひらこう。
あの世でお前が楽土に行けるときまってはいない。","魂よ、謎なぞを解くことはお前には出来ない。
さかしい知者の立場になることは出来ない。
せめては酒と盃さかずきでこの世に楽土をひらこう。
あの世でお前が楽土に行けるときまってはいない。",1,知者:全知の神
5,0,解き得ぬ謎,"生きてこの世の理を知りつくした魂なら、
死してあの世の謎も解けたであろうか。
今おのが身にいて何もわからないお前に、
あした身をはなれて何がわかろうか？","生きてこの世の理を知りつくした魂なら、
死してあの世の謎も解けたであろうか。
今おのが身にいて何もわからないお前に、
あした身をはなれて何がわかろうか？",0,
6,1,解き得ぬ謎,"いつまで水の上に瓦を積んでおれようや！
仏教徒や拝火教徒の説にはもう飽きはてた。
またの世に地獄があるなどと言うのは誰か？
誰か地獄から帰って来たとでも言うのか？","いつまで水の上に瓦かわらを積んでおれようや！
仏教徒や拝火教徒の説にはもう飽あきはてた。
またの世に地獄があるなどと言うのは誰か？
誰か地獄から帰って来たとでも言うのか？",0,水の上に瓦を積む:意味のない妄想にふけること。
7,0,解き得ぬ謎,"創世の神秘は君もわれも知らない。
その謎は君やわれには解けない。
何を言い合おうと幕の外のこと、
その幕がおりたらわれらは形もない。","創世の神秘は君もわれも知らない。
その謎は君やわれには解けない。
何を言い合おうと幕の外のこと、
その幕がおりたらわれらは形もない。",0,
8,0,解き得ぬ謎,"この万象の海ほど不思議なものはない、
誰ひとりそのみなもとをつきとめた人はない。
あてずっぽうにめいめい勝手なことは言ったが、
真相を明らかにすることは誰にも出来ない。","この万象ばんしょうの海ほど不思議なものはない、
誰ひとりそのみなもとをつきとめた人はない。
あてずっぽうにめいめい勝手なことは言ったが、
真相を明らかにすることは誰にも出来ない。",0,
9,0,解き得ぬ謎,"このたかどのを宿とするかの天体の群
こそは博士らの心になやみのたね
だが、心して見ればそれほどの天体でさえ
揺られてはしきりに頭を振る身の上。","このたかどのを宿とするかの天体の群
こそは博士らの心になやみのたね
だが、心して見ればそれほどの天体でさえ
揺られてはしきりに頭を振る身の上。",0,
10,0,解き得ぬ謎,"われらが来たり行ったりするこの世の中、
それはおしまいもなし、はじめもなかった。
答えようとて誰にはっきり答えられよう――
　われらはどこから来てどこへ行くやら？","われらが来たり行ったりするこの世の中、
それはおしまいもなし、はじめもなかった。
答えようとて誰にはっきり答えられよう――
　われらはどこから来てどこへ行くやら？",0,
11,0,解き得ぬ謎,"造物主が万物の形をつくり出したそのとき、
なぜとじこめたのであろう、滅亡と不足の中に？
せっかく美しい形をこわすのがわからない、
もしまた美しくなかったらそれは誰の罪？","造物主が万物の形をつくり出したそのとき、
なぜとじこめたのであろう、滅亡と不足の中に？
せっかく美しい形をこわすのがわからない、
もしまた美しくなかったらそれは誰の罪？",0,
12,0,解き得ぬ謎,"苦心して学徳をつみかさねた人たちは
「世の燈明」と仰がれて光りかがやきながら、
闇の夜にぼそぼそお伽ばなしをしたばかりで、
夜も明けやらぬに早はや燃えつきてしまった。","苦心して学徳をつみかさねた人たちは
「世の燈明」と仰がれて光りかがやきながら、
闇やみの夜にぼそぼそお伽とぎばなしをしたばかりで、
夜も明けやらぬに早はや燃えつきてしまった。",0,「世の燈明」:神学者に奉られた尊号。
13,1,解き得ぬ謎,"この道を歩んで行った人たちは、ねえ酒姫、
もうあの誇らしい地のふところに臥ふしたよ。
酒をのんで、おれの言うことをききたまえ――
　あの人たちの言ったことはただの風だよ。","この道を歩んで行った人たちは、ねえ酒姫サーキイ、
もうあの誇らしい地のふところに臥ふしたよ。
酒をのんで、おれの言うことをききたまえ――
　あの人たちの言ったことはただの風だよ。",1,酒姫:酒の酌をする侍者。それは普通は女でなくて紅顔の美少年で、よく同性愛の対象とされた。
14,1,解き得ぬ謎,"愚かしい者ども知恵の結晶をもとめては
大空のめぐる中でくさぐさの論を立てた。
だが、ついに宇宙の謎には達せず、
しばしたわごとしてやがてねむりこけた！","愚かしい者ども知恵ちえの結晶をもとめては
大空のめぐる中でくさぐさの論を立てた。
だが、ついに宇宙の謎には達せず、
しばしたわごとしてやがてねむりこけた！",0,
15,0,解き得ぬ謎,"綺羅星の空高くいる牛――金牛星、
地の底にはまた大地を担う牛もいるし、
さあ、理性の目を開き二頭の牛の
上下にいる驢馬の一群を見るがよい。","綺羅星きらぼしの空高くいる牛――金牛星、
地の底にはまた大地を担になう牛もいるし、
さあ、理性の目を開き二頭の牛の
上下にいる驢馬ろばの一群を見るがよい。",0,大地を担う牛:イラン人は地球は円いものではなく、大海の中の大魚の上に跨る大牛の背中にのっているものと考えていた。そして太陽は地球の周囲を廻転するものと考えられていた。
16,0,生きのなやみ,"今日こそわが青春はめぐって来た！
酒をのもうよ、それがこの身の幸だ。
たとえ苦くても、君、とがめるな。
苦いのが道理、それが自分の命だ。","今日こそわが青春はめぐって来た！
酒をのもうよ、それがこの身の幸だ。
たとえ苦くても、君、とがめるな。
苦いのが道理、それが自分の命だ。",1,
17,0,生きのなやみ,"思いどおりになったなら来はしなかった。
思いどおりになるものなら誰が行くものか？
この荒家に来ず、行かず、住まずだったら、
ああ、それこそどんなによかったろうか！","思いどおりになったなら来はしなかった。
思いどおりになるものなら誰たが行くものか？
この荒家あばらやに来ず、行かず、住まずだったら、
ああ、それこそどんなによかったろうか！",0,
18,0,生きのなやみ,"来ては行くだけでなんの甲斐があろう？
この玉の緒の切れ目はいったいどこであろう？
罪もなく輪廻の環の中につながれ、
身を燃やして灰となる煙はどこであろう？","来ては行くだけでなんの甲斐かいがあろう？
この玉の緒の切れ目はいったいどこであろう？
罪もなく輪廻りんねの環わの中につながれ、
身を燃やして灰はいとなる煙はどこであろう？",0,
19,0,生きのなやみ,"ああ、空しくも齢をかさねたものよ、
いまに大空の利鎌が首を掻くよ。
いたましや、助けてくれ、この命を、
のぞみ一つかなわずに消えてしまうよ！","ああ、空むなしくも齢よわいをかさねたものよ、
いまに大空の利鎌とがまが首を掻かくよ。
いたましや、助けてくれ、この命を、
のぞみ一つかなわずに消えてしまうよ！",0,
20,1,生きのなやみ,"よい人と一生安らかにいたとて、
一生この世の栄耀をつくしたとて、
所詮は旅出する身の上だもの、
すべて一場の夢さ、一生に何を見たとて。","よい人と一生安らかにいたとて、
一生この世の栄耀えようをつくしたとて、
所詮しょせんは旅出する身の上だもの、
すべて一場の夢さ、一生に何を見たとて。",0,
21,0,生きのなやみ,"歓楽もやがて思い出と消えようもの、
古き好をつなぐに足るのは生の酒のみだよ。
酒の器にかけた手をしっかりと離すまい、
お前が消えたって盃だけは残るよ！","歓楽もやがて思い出と消えようもの、
古き好よしみをつなぐに足るのは生きの酒のみだよ。
酒の器にかけた手をしっかりと離すまい、
お前が消えたって盃さかずきだけは残るよ！",1,
22,0,生きのなやみ,"ああ、全く、休み場所でもあったらいいに、
この長旅に終点があったらいいに。
千万年をへたときに土の中から
草のように芽をふくのぞみがあったらいいに！","ああ、全く、休み場所でもあったらいいに、
この長旅に終点があったらいいに。
千万年をへたときに土の中から
草のように芽をふくのぞみがあったらいいに！",0,
23,0,生きのなやみ,"二つ戸口のこの宿にいることの効果は
心の痛みと命へのあきらめのみだ。
生の息吹きを知らない者が羨ましい。
母から生まれなかった者こそ幸福だ！","二つ戸口のこの宿にいることの効果しるしは
心の痛みと命へのあきらめのみだ。
生の息吹いぶきを知らない者が羨うらやましい。
母から生まれなかった者こそ幸福だ！",0,
24,1,生きのなやみ,"地を固め天のめぐりをはじめたお前は
なんという痛恨を哀れな胸にあたえたのか？
紅玉の唇や蘭麝の黒髪をどれだけ
地の底の小筥に入れたのか？","地を固め天のめぐりをはじめたお前は
なんという痛恨を哀れな胸にあたえたのか？
紅玉の唇くちびるや蘭麝らんじゃの黒髪くろかみをどれだけ
地の底の小筥こばこに入れたのか？",0,
25,0,生きのなやみ,"神のように宇宙が自由に出来たらよかったろうに、
そうしたらこんな宇宙は砕きすてたろうに。
何でも心のままになる自由な宇宙を
別に新しくつくり出したろうに。","神のように宇宙が自由に出来たらよかったろうに、
そうしたらこんな宇宙は砕きすてたろうに。
何でも心のままになる自由な宇宙を
別に新しくつくり出したろうに。",0,
26,0,太初のさだめ,"あることはみんな天の書に記されて、
人の所業を書き入れる筆もくたびれて、
さだめは太初からすっかりさだまっているのに、
何になるかよ、悲しんだとてつとめたとて！","あることはみんな天そらの書に記されて、
人の所業しわざを書き入れる筆もくたびれて、
さだめは太初はじめからすっかりさだまっているのに、
何になるかよ、悲しんだとてつとめたとて！",0,人の所業を書き入れる筆もくたびれて:イスラム教徒の信仰によると、創世の日に神の筆がすべての天命を神の書に記入し、また日ごろ人間の善業悪業をもいちいち記入して裁きの日に備えるといわれている。
27,0,太初のさだめ,"まかせぬものは昼と命の短さ、
まかせぬものに心よせるな。
われも君も、人の掌の中の蝋に似て、
思いのままに弄ばれるばかりだ。","まかせぬものは昼と命の短さ、
まかせぬものに心よせるな。
われも君も、人の掌ての中の蝋ろうに似にて、
思いのままに弄もてあそばれるばかりだ。",0,七と四:七天と四元素。
28,0,太初のさだめ,"嘆きのほかに何もない宇宙！　お前は、
追い立てるのになぜ連れて来たのか？
まだ来ぬ旅人も酌む酒の苦さを知ったら、
誰がこんな宿へなど来るものか！","嘆きのほかに何もない宇宙！　お前は、
追い立てるのになぜ連れて来たのか？
まだ来ぬ旅人も酌くむ酒の苦さを知ったら、
誰がこんな宿へなど来るものか！",1,
29,0,太初のさだめ,"おお、七と四の結果にすぎない者が、
七と四の中に始終もだえているのか？
千度ならず言うように酒をのむがいい、
一度行ったら二度と帰らぬ旅路だ。","おお、七と四の結果にすぎない者が、
七と四の中に始終しじゅうもだえているのか？
千度ならず言うように酒をのむがいい、
一度行ったら二度と帰らぬ旅路だ。",1,
30,1,太初のさだめ,"土を型に入れてつくられた身なのだ、
あらましの罪けがれは土から来たのだ。
これ以上よくなれとて出来ない相談だ、
自分をこんな風につくった主が悪いのだ。","土を型に入れてつくられた身なのだ、
あらましの罪けがれは土から来たのだ。
これ以上よくなれとて出来ない相談だ、
自分をこんな風につくった主が悪いのだ。",0,
31,1,太初のさだめ,"礼堂のともしび、火殿のけむりがなんだ。
天国の報い、地獄の責めがなんだ。
見よ、天の書を、創世の主は
あることはみんな初発の日に書いたんだ。","礼堂マスジッドのともしび、火殿ケネシトのけむりがなんだ。
天国の報い、地獄の責めがなんだ。
見よ、天の書を、創世の主は
あることはみんな初発はつの日に書いたんだ。",0,"礼堂:イスラム教徒の礼拝の場所。,火殿:拝火教の聖火奉安所。"
32,1,太初のさだめ,"宇宙の真理は不可知なのに、なあ、
そんなに心を労してなんの甲斐があるか？
身を天命にまかして心の悩みはすてよ、
ふりかかった筆のはこびはどうせ避けられないや。","宇宙の真理は不可知なのに、なあ、
そんなに心を労してなんの甲斐かいがあるか？
身を天命にまかして心の悩みはすてよ、
ふりかかった筆のはこびはどうせ避さけられないや。",0,筆のはこび:宿命。
33,0,太初のさだめ,"天に声してわが耳もとに囁くよう――
　ひためぐるこのさだめを誰が知っていよう？
　このめぐりが自由になるものなら、
　われさきにその目まぐるしさを逃れたろう。","天に声してわが耳もとに囁ささやくよう――
　ひためぐるこのさだめを誰が知っていよう？
　このめぐりが自由になるものなら、
　われさきにその目まぐるしさを逃のがれたろう。",0,
34,0,太初のさだめ,"善悪は人に生まれついた天性、
苦楽は各自あたえられた天命。
しかし天輪を恨むな、理性の目に見れば、
かれもまたわれらとあわれは同じ。","善悪は人に生まれついた天性、
苦楽は各自あたえられた天命。
しかし天輪を恨うらむな、理性の目に見れば、
かれもまたわれらとあわれは同じ。",0,
35,0,万物流転,"若き日の絵巻は早も閉じてしまった、
命の春はいつのまにか暮れてしまった。
青春という命の季節は、いつ来て
いつ去るともなしに、過ぎてしまった。","若き日の絵巻は早も閉じてしまった、
命の春はいつのまにか暮れてしまった。
青春という命の季節は、いつ来て
いつ去るともなしに、過ぎてしまった。",0,
36,0,万物流転,"ああ、掌中の珠も砕けて散ったか。
血まみれの肺腑は落ちた、死魔の足下。
あの世から帰った人はなし、きく由もない――
　世の旅人はどこへ行ったか、どうなったか？","ああ、掌中しょうちゅうの珠たまも砕けて散ったか。
血まみれの肺腑はいふは落ちた、死魔の足下。
あの世から帰った人はなし、きく由よしもない――
　世の旅人はどこへ行ったか、どうなったか？",0,
37,0,万物流転,"幼い頃には師について学んだもの、
長じては自ら学識を誇ったもの。
だが今にして胸に宿る辞世の言葉は――
　水のごとくも来たり、風のごとくも去る身よ！","幼い頃には師について学んだもの、
長じては自ら学識を誇ったもの。
だが今にして胸に宿る辞世の言葉は――
　水のごとくも来たり、風のごとくも去る身よ！",0,
38,0,万物流転,"同心の友はみな別れて去った、
死の枕べにつぎつぎ倒れていった。
命の宴に酒盛りをしていたが、
ひと足さきに酔魔のとりことなった。","同心の友はみな別れて去った、
死の枕べにつぎつぎ倒れていった。
命の宴うたげに酒盛りをしていたが、
ひと足さきに酔魔のとりことなった。",1,
39,0,万物流転,"天輪よ、滅亡はお前の憎しみ、
無情はお前日頃ひごろのつとめ。
地軸よ、地軸よ、お前のふところの中にこそは
かぎりなくも秘められている尊い宝！","天輪よ、滅亡はお前の憎しみ、
無情はお前日頃ひごろのつとめ。
地軸よ、地軸よ、お前のふところの中にこそは
かぎりなくも秘められている尊い宝！",0,尊い宝:宝石とそして尊い人の骨と。
40,0,万物流転,"日のめぐりは博士の思いどおりにならない、
天宮など七つとも八つとも数えるがいい。
どうせ死ぬ命だし、一切の望みは失せる、
塚蟻にでも野の狼にでも食われるがいい。","日のめぐりは博士の思いどおりにならない、
天宮など七つとも八つとも数えるがいい。
どうせ死ぬ命だし、一切の望みは失せる、
塚蟻つかありにでも野の狼おおかみにでも食われるがいい。",0,
41,0,万物流転,"一滴の水だったものは海に注ぐ。
一握の塵だったものは土にかえる。
この世に来てまた立ち去るお前の姿は
一匹の蠅――風とともに来て風とともに去る。","一滴の水だったものは海に注ぐ。
一握の塵ちりだったものは土にかえる。
この世に来てまた立ち去るお前の姿は
一匹の蠅はえ――風とともに来て風とともに去る。",0,
42,1,万物流転,"この幻の影が何であるかと言ったっても、
真相をそう簡単にはつくされぬ。
水面に現われた泡沫のような形相は、
やがてまた水底へ行方も知れず没する。","この幻の影が何であるかと言ったっても、
真相をそう簡単にはつくされぬ。
水面に現われた泡沫ほうまつのような形相は、
やがてまた水底へ行方ゆくえも知れず没する。",0,
43,0,万物流転,"知は酒盃をほめたたえてやまず、
愛は百度もその額に口づける。
だのに無情の陶器師は自らの手で焼いた
妙なる器を再び地上に投げつける。","知は酒盃しゅはいをほめたたえてやまず、
愛は百度もその額ひたいに口づける。
だのに無情の陶器師すえしは自らの手で焼いた
妙たえなる器を再び地上に投げつける。",1,
44,0,万物流転,"せっかく立派な形に出来た酒盃なら、
毀こわすのをどこの酒のみが承知するものか？
形よい掌てをつくってはまた毀すのは
誰のご機嫌とりで誰への嫉妬しやら？","せっかく立派な形に出来た酒盃なら、
毀こわすのをどこの酒のみが承知するものか？
形よい掌てをつくってはまた毀すのは
誰のご機嫌きげんとりで誰への嫉妬しっとやら？",1,
45,0,万物流転,"時はお前のため花の装いをこらしているのに、
道学者などの言うことなどに耳を傾けるものでない。
この野辺を人はかぎりなく通って行く、
摘むべき花は早く摘むがよい、身を摘まれぬうちに。","時はお前のため花の装よそおいをこらしているのに、
道学者などの言うことなどに耳を傾けるものでない。
この野辺のべを人はかぎりなく通って行く、
摘むべき花は早く摘むがよい、身を摘まれぬうちに。",0,
46,0,万物流転,"この永遠の旅路を人はただ歩み去るばかり、
帰って来て謎をあかしてくれる人はない。
気をつけてこのはたごやに忘れものをするな、
出て行ったが最後二度と再び帰っては来れない。","この永遠の旅路を人はただ歩み去るばかり、
帰って来て謎なぞをあかしてくれる人はない。
気をつけてこのはたごやに忘れものをするな、
出て行ったが最後二度と再び帰っては来れない。",0,
47,0,万物流転,"酒をのめ、土の下には友もなく、またつれもない、
眠るばかりで、そこに一滴の酒もない。
気をつけて、気をつけて、この秘密　人には言うな――
　チューリップひとたび萎めば開かない。","酒をのめ、土の下には友もなく、またつれもない、
眠るばかりで、そこに一滴の酒もない。
気をつけて、気をつけて、この秘密　人には言うな――
　チューリップひとたび萎しぼめば開かない。",1,
48,1,万物流転,"われは酒屋に一人の翁を見た。
先客の噂をたずねたら彼は言った――
　酒をのめ、みんな行ったきりで、
　一人として帰っては来なかった。","われは酒屋に一人の翁おきなを見た。
先客の噂うわさをたずねたら彼は言った――
　酒をのめ、みんな行ったきりで、
　一人として帰っては来なかった。",1,
49,0,万物流転,"幾山川を越えて来たこの旅路であった、
どこの地平のはてまでもめぐりめぐった。
だが、向うから誰一人来るのに会わず、
道はただ行く道、帰る旅人を見なかった。","幾山川を越えて来たこの旅路であった、
どこの地平のはてまでもめぐりめぐった。
だが、向うから誰一人来るのに会わず、
道はただ行く道、帰る旅人を見なかった。",0,
50,0,万物流転,"われらは人形で人形使いは天さ。
それは比喩ではなくて現実なんだ。
この席で一くさり演技をすませば、
一つずつ無の手筥に入れられるのさ。","われらは人形で人形使いは天さ。
それは比喩ひゆではなくて現実なんだ。
この席で一くさり演技わざをすませば、
一つずつ無の手筥てばこに入れられるのさ。",0,
51,0,万物流転,"われらの後にも世は永遠につづくよ、ああ！
われらは影も形もなく消えるよ、ああ！
来なかったとてなんの不足があろう？
行くからとてなんの変りもないよ、ああ！","われらの後にも世は永遠につづくよ、ああ！
われらは影も形もなく消えるよ、ああ！
来なかったとてなんの不足があろう？
行くからとてなんの変りもないよ、ああ！",0,
52,0,万物流転,"土の褥の上に横わっている者、
大地の底にかくれて見えない者。
虚無の荒野をそぞろ見わたせば、
そこにはまだ来ない者と行った者だけだよ。","土の褥しとねの上に横よこたわっている者、
大地の底にかくれて見えない者。
虚無の荒野をそぞろ見わたせば、
そこにはまだ来ない者と行った者だけだよ。",0,
53,0,万物流転,"人呼んで世界と言う古びた宿場は、
昼と夜との二色の休み場所だ。
ジャムシードらの後裔はうたげに興じ、
バハラームらはまた墓に眠るのだ。","人呼んで世界と言う古びた宿場は、
昼と夜との二色の休み場所だ。
ジャムシードらの後裔こうえいはうたげに興じ、
バハラームらはまた墓に眠るのだ。",0,"ジャムシード:詩人フェルドゥシイの集成したイランの国民史詩『シャーナーメ』に伝わる帝王の名。「ジャムシード」は「日の王」を意味する。,バハラーム:ササン王朝（二二六－六四二年）のバラーム五世のこと。在位は四二〇－四三八年。夫人を伴って野驢を狩りしたことで有名。バラーム・グールと綽名された。"
54,0,万物流転,"バハラームが酒盃を手にした宮居は
狐の巣、鹿のすみかとなりはてた。
命のかぎり野驢を射たバラームも、
野驢に踏みしだかれる身とはてた。","バハラームが酒盃を手にした宮居みやいは
狐きつねの巣、鹿しかのすみかとなりはてた。
命のかぎり野驢を射たバラームも、
野驢に踏みしだかれる身とはてた。",0,
55,0,万物流転,"廃墟と化した城壁に烏がとまり、
爪の間にケイカーウスの頭をはさみ、
ああ、ああと、声ひとしきり上げてなく――
　鈴の音も、太鼓のひびきも、今はどこに？","廃墟と化した城壁に烏からすがとまり、
爪の間にケイカーウスの頭こうべをはさみ、
ああ、ああと、声ひとしきり上げてなく――
　鈴の音も、太鼓たいこのひびきも、今はどこに？",0,"ケイカーウス:神話時代のイランの第二王朝であるケイアニイ朝第二世の帝王で、太祖ケイコバードの子。,鈴の音:古代イランでは、帝王の出御するときに鈴を振り、太鼓を鳴らす習慣があった。"
56,0,万物流転,"天に聳えて宮殿は立っていた。
ああ、そのむかし帝王が出御の玉座、
名残りの円蓋で数珠かけ鳩が、
何処、何処とばかり啼いていた。","天に聳そびえて宮殿は立っていた。
ああ、そのむかし帝王が出御しゅつぎょの玉座、
名残りの円蓋えんがいで数珠じゅずかけ鳩ばとが、
何処クークー、何処クークーとばかり啼ないていた。",0,
57,0,無常の車,"君も、われも、やがて身と魂が分れよう。
塚の上には一基ずつの瓦が立とう。
そしてまたわれらの骨が朽ちたころ、
その土で新しい塚の瓦が焼かれよう。","君も、われも、やがて身と魂が分れよう。
塚つかの上には一基もとずつの瓦かわらが立とう。
そしてまたわれらの骨が朽くちたころ、
その土で新しい塚の瓦が焼かれよう。",0,
58,1,無常の車,"地の表にある一塊の土だっても、
かつては輝く日の面、星の額であったろう。
袖の上の埃を払うにも静かにしよう、
それとても花の乙女の変え姿よ。","地の表にある一塊の土だっても、
かつては輝く日の面おも、星の額ひたいであったろう。
袖そでの上の埃ほこりを払うにも静かにしよう、
それとても花の乙女おとめの変え姿よ。",0,
59,0,無常の車,"人情知る老人よ、早く行って、
土ふるいの小童の手を戒めてやれ、
パルヴィーズの目やケイコバードの頭を
なぜああ手あらにふるうのかえ！","人情こころ知る老人よ、早く行って、
土ふるいの小童の手を戒めてやれ、
パルヴィーズの目やケイコバードの頭を
なぜああ手あらにふるうのかえ！",0,"パルヴィーズ:ササン王朝の帝王ホスロウ・パルヴィーズ（五九〇－六二八年）。,ケイコバード:神話時代のイランの第二王朝ケイアニイ朝を開いた。"
60,0,無常の車,"朝風に薔薇の蕾はほころび、
鶯も花の色香に酔い心地。
お前もしばしその下蔭で憩えよ。
そら、花は土から咲いて土に散る。","朝風に薔薇ばらの蕾つぼみはほころび、
鶯うぐいすも花の色香に酔よい心地ごこち。
お前もしばしその下蔭で憩えよ。
そら、花は土から咲いて土に散る。",0,
61,0,無常の車,"雲は垂れて草の葉末に涙ふる、
花の酒がなくてどうして生きておれる？
今日わが目をなぐさめるあの若草が
明日はまたわが身に生えて誰が見る？","雲は垂れて草の葉末に涙ふる、
花の酒がなくてどうして生きておれる？
今日わが目をなぐさめるあの若草が
明日はまたわが身に生えて誰が見る？",1,
62,0,無常の車,"新春　雲はチューリップの面に涙、
さあ、早く盃に酒をついでのまぬか。
いま君の目をたのします青草が
明日はまた君のなきがらからも生えるさ。","新春ノールーズ　雲はチューリップの面に涙、
さあ、早く盃さかずきに酒をついでのまぬか。
いま君の目をたのします青草が
明日はまた君のなきがらからも生えるさ。",1,新春:イランには古くから一種の太陽暦が行われ、春分の日、すなわち春の彼岸が一年のはじめとなっている。この日は新年としてまた春の祭として祝われる。
63,0,無常の車,"川の岸べに生え出でたあの草の葉は
美女の唇から芽を吹いた溜め息か。
一茎の草でも蔑んで踏んではならぬ、
そのかみの乙女の身から咲いた花。","川の岸べに生え出いでたあの草の葉は
美女の唇くちびるから芽を吹いた溜ため息いきか。
一茎ひとくきの草でも蔑さげすんで踏んではならぬ、
そのかみの乙女の身から咲いた花。",0,
64,0,無常の車,"酒のもう、天日はわれらを滅ぼす、
君やわれの魂を奪う。
草の上に坐って耀う酒をのもう、
どうせ土になったらあまたの草が生える！","酒のもう、天日はわれらを滅ぼす、
君やわれの魂を奪う。
草の上に坐すわって耀かがよう酒をのもう、
どうせ土になったらあまたの草が生える！",1,
65,1,無常の車,"ありし日の宮居の場所で或る男が、
土を両足で踏みつけた。
土は声なき声上げて男に言った――
　待てよ、お前も踏まれるのさ！","ありし日の宮居みやいの場所で或ある男が、
土を両足で踏みつけた。
土は声なき声上げて男に言った――
　待てよ、お前も踏まれるのさ！",0,
66,0,無常の車,"よき人よ、盃と酒壺を持って来い、
水のほとりの青草の茂みのあたり。
そら、めぐる車は月の面、花の姿を
くりかえし盃にしたり、また壺にしたり。","よき人よ、盃と酒壺さかつぼを持って来い、
水のほとりの青草の茂みのあたり。
そら、めぐる車は月の面おも、花の姿を
くりかえし盃にしたり、また壺にしたり。",1,めぐる車:天体の運行を陶器師のろくろにたとえたもの。
67,0,無常の車,"昨夜酔うての仕業だったが、
石の面に素焼の壺を投げつけた。
壺は無言の言葉で行った――
　お前もそんなにされるのだ！","昨夜酔うての仕業だったが、
石の面に素焼の壺を投げつけた。
壺は無言の言葉で行った――
　お前もそんなにされるのだ！",1,
68,0,無常の車,"なんでけがれがある、この酒甕に？
盃にうつしてのんで、おれにもよこせ、
さあ、若人よ、この旅路のはてで
われわれが酒甕とならないうちに。","なんでけがれがある、この酒甕さけがめに？
盃にうつしてのんで、おれにもよこせ、
さあ、若人よ、この旅路のはてで
われわれが酒甕とならないうちに。",1,けがれ:イスラム教は酒をけがれあるものとして禁じている。
69,1,無常の車,"昨日壺をつくる所へ立ちよったら、
壺つくりは土をこねてしきりに腕をふるっていた。
盲の人は気もつかなかったろう、しかし
その手の中におれは亡き人の土を見た。","昨日壺をつくる所へ立ちよったら、
壺つくりは土をこねてしきりに腕をふるっていた。
盲の人は気もつかなかったろう、しかし
その手の中におれは亡なき人の土を見た。",0,
70,1,無常の車,"壺つくりよ、心あるならその手を休めよ、
尊い土に無礼なことはやめよ！
ファレイドゥーンの指やケイホスロウの掌を
ろくろに取ってどうしようてんだよ？","壺つくりよ、心あるならその手を休めよ、
尊い土に無礼なことはやめよ！
ファレイドゥーンの指やケイホスロウの掌てのひらを
ろくろに取ってどうしようてんだよ？",0,"ファレイドゥーン:かつてのピシダーデイ王朝の末裔としてイランを再興したと伝えられる勇士。,ケイホスロウ:ケイアニイ王朝中興の英主。"
71,0,無常の車,"壺つくりの仕事場へ来て見れば、
壺つくり朗らかにろくろをまわしては、
みかどの首もこじきの足もごっちゃに、
手に取ってつくるは壺の首と足だ。","壺つくりの仕事場へ来て見れば、
壺つくり朗らかにろくろをまわしては、
みかどの首もこじきの足もごっちゃに、
手に取ってつくるは壺の首と足だ。",0,
72,0,無常の車,"この壺も、おれと同じ、人を恋う嘆きの姿、
黒髪に身を捕われの境涯か。
この壺に手がある、これこそはいつの日か
よき人の肩にかかった腕なのだ。","この壺も、おれと同じ、人を恋こう嘆きの姿、
黒髪に身を捕われの境涯か。
この壺に手がある、これこそはいつの日か
よき人の肩にかかった腕なのだ。",0,
73,0,無常の車,"壺つくりの仕事場に昨日よって見ると、
千も二千もの土器がならべてあったよ。
そのおのおのが声なき言葉でおれにきくよう――
　壺つくり、売り手、買い手は誰なのかと。","壺つくりの仕事場に昨日よって見ると、
千も二千もの土器がならべてあったよ。
そのおのおのが声なき言葉でおれにきくよう――
　壺つくり、売り手、買い手は誰なのかと。",0,
74,0,ままよ、どうあろうと,"マギイの酒に酔うたとならば、正にそうさ。
異端邪教の徒というならば、正にそうさ。
しかしわがふるまいを人がどんなにけなしたとて、
われはどうなりもしない、相変らずのものさ。","マギイの酒に酔うたとならば、正まさにそうさ。
異端いたん邪教じゃきょうの徒というならば、正にそうさ。
しかしわがふるまいを人がどんなにけなしたとて、
われはどうなりもしない、相変らずのものさ。",1,マギイ:拝火教の司祭。イスラム教以前のイランの宗教は拝火教であった。しかしそれはイスラム教徒にイランが征服されてから後は邪教として擯斥された。
75,0,ままよ、どうあろうと,"わが宗旨はうんと酒のんでたのしむこと、
わが信条は正信と邪教の争いをはなれること。
久遠の花嫁に欲しい形見は何かときいたら、
答えて言ったよ――君が心のよろこびをと。","わが宗旨はうんと酒のんでたのしむこと、
わが信条は正信と邪教の争いをはなれること。
久遠の花嫁に欲しい形見は何かときいたら、
答えて言ったよ――君が心のよろこびをと。",1,久遠の花嫁:自然、人生。
76,0,ままよ、どうあろうと,"身の内に酒がなくては生きておれぬ、
葡萄酒なくては身の重さにも堪えられぬ。
酒姫がもう一杯と差し出す瞬間の
われは奴隷だ、それが忘れられぬ。","身の内に酒がなくては生きておれぬ、
葡萄酒ぶどうしゅなくては身の重さにも堪えられぬ。
酒姫サーキイがもう一杯いっぱいと差し出す瞬間の
われは奴隷どれいだ、それが忘れられぬ。",1,
77,0,ままよ、どうあろうと,"今宵またあの酒壺を取り出してのう、
そこばくの酒に心を富ましめよう。
信仰や理知の束縛を解き放ってのう、
葡萄樹の娘を一夜の妻としよう。","今宵こよいまたあの酒壺を取り出してのう、
そこばくの酒に心を富ましめよう。
信仰や理知の束縛きずなを解き放ってのう、
葡萄樹の娘を一夜の妻としよう。",1,葡萄樹の娘:葡萄の実からとった酒。
78,1,ままよ、どうあろうと,"死んだらおれの屍は野辺にすてて、
美酒を墓場の土にふりそそいで。
白骨が土と化したらその土から
瓦を焼いて、あの酒甕の蓋にして。","死んだらおれの屍しかばねは野辺のべにすてて、
美酒うまざけを墓場の土にふりそそいで。
白骨が土と化したらその土から
瓦かわらを焼いて、あの酒甕さかがめの蓋ふたにして。",1,
79,1,ままよ、どうあろうと,"死んだら湯灌は酒でしてくれ、
野の送りにもかけて欲しい美酒。
もし復活の日ともなり会いたい人は、
酒場の戸口にやって来ておれを待て。","死んだら湯灌ゆかんは酒でしてくれ、
野の送りにもかけて欲しい美酒うまざけ。
もし復活の日ともなり会いたい人は、
酒場の戸口にやって来ておれを待て。",1,
80,1,ままよ、どうあろうと,"墓の中から酒の香が立ちのぼるほど、
そして墓場へやって来る酒のみがあっても
その香に酔い痴れて倒れるほど、
ああ、そんなにも酒をのみたいもの！","墓の中から酒の香が立ちのぼるほど、
そして墓場へやって来る酒のみがあっても
その香に酔よい痴しれて倒れるほど、
ああ、そんなにも酒をのみたいもの！",1,
81,0,ままよ、どうあろうと,"尊い命の芽を摘みとられる日、
身体の各部がちりぢりに分れる日、
その土でもし壺を焼いたら、さっそく
酒をついでよ、息を吹きかえすに。","尊い命の芽を摘みとられる日、
身体の各部がちりぢりに分れる日、
その土でもし壺を焼いたら、さっそく
酒をついでよ、息を吹きかえすに。",1,
82,1,ままよ、どうあろうと,"命の幹が根を掘られて、
死の足もとにうなじをたれよう日、
身の土だけは必ず酒の器に焼いてくれ、
しばらくは息をつこう、酒の香に。","命の幹が根を掘られて、
死の足もとにうなじをたれよう日、
身の土だけは必ず酒の器に焼いてくれ、
しばらくは息をつこう、酒の香に。",1,
83,1,ままよ、どうあろうと,"愛しい友よ、いつかまた相会うことがあってくれ、
酌み交わす酒にはおれを偲んでくれ。
おれのいた座にもし盃がめぐって来たら、
地に傾けてその酒をおれに注いでくれ。","愛いとしい友よ、いつかまた相会うことがあってくれ、
酌くみ交かわす酒にはおれを偲しのんでくれ。
おれのいた座にもし盃さかずきがめぐって来たら、
地に傾けてその酒をおれに注そそいでくれ。
",1,
84,1,ままよ、どうあろうと,"あのしかつめらしい分別のとりことなった
人たちは、あるなしの嘆きの中にむなしく去った。
気をつけて早く、はやく葡萄の古酒を酌め、
愚か者らはまだ熟れぬまに房を摘まれた。","あのしかつめらしい分別ふんべつのとりことなった
人たちは、あるなしの嘆きの中にむなしく去った。
気をつけて早く、はやく葡萄の古酒を酌くめ、
愚か者らはまだ熟うれぬまに房を摘まれた。",1,
85,1,ままよ、どうあろうと,"法官よ、マギイの酒にこれほど酔っても
おれの心はなおたしかだよ、君よりも。
君は人の血、おれは葡萄の血汐を吸う、
吸血の罪はどちらか、裁けよ。","法官ムフテイよ、マギイの酒にこれほど酔っても
おれの心はなおたしかだよ、君よりも。
君は人の血、おれは葡萄の血汐ちしおを吸う、
吸血の罪はどちらか、裁けよ。",1,
86,1,ままよ、どうあろうと,"或る淫れ女に教長の言葉――気でも触れたか、
　いつもそう違った人となぜ交わるか？
答えに――教長よ、わたしはお言葉のとおりでも、
　あなたの口と行いは同じでしょうか","或る淫たわれ女めに教長シャイクの言葉――気でも触れたか、
　いつもそう違った人となぜ交わるか？
答えに――教長シャイクよ、わたしはお言葉のとおりでも、
　あなたの口と行おこないは同じでしょうか",1,教長:学識経験のすぐれたイスラム教徒の指導的な人物。
87,1,ままよ、どうあろうと,"恋する者と酒のみは地獄に行くと言う、
根も葉もない囈言にしかすぎぬ。
恋する者や酒のみが地獄に落ちたら、
天国は人影もなくさびれよう！","恋する者と酒のみは地獄に行くと言う、
根も葉もない囈言たわごとにしかすぎぬ。
恋する者や酒のみが地獄に落ちたら、
天国は人影もなくさびれよう！",1,
88,0,ままよ、どうあろうと,"天国にはそんなに美しい天女がいるのか？
酒の泉や蜜の池があふれてるというのか？
この世の恋と美酒を選んだわれらに、
天国もやっぱりそんなものにすぎないのか？","天国にはそんなに美しい天女がいるのか？
酒の泉や蜜みつの池があふれてるというのか？
この世の恋と美酒うまざけを選んだわれらに、
天国もやっぱりそんなものにすぎないのか？",1,
89,1,ままよ、どうあろうと,"天女のいるコーサル河のほとりには、
蜜、香乳と、酒があふれているそうな。
だが、おれは今ある酒の一杯を手に選ぶ、
現物はよろずの約にまさるから。","天女のいるコーサル河のほとりには、
蜜、香乳と、酒があふれているそうな。
だが、おれは今ある酒の一杯を手に選ぶ、
現物はよろずの約にまさるから。",1,コーサル河:イスラム教徒の死後の天国にあるといわれる川の名。
90,1,ままよ、どうあろうと,"エデンの園が天女の顔でたのしいなら、
おれの心は葡萄の液でたのしいのだ。
現物をとれ、あの世の約束に手を出すな、
遠くきく太鼓はすべて音がよいのだ。","エデンの園が天女の顔でたのしいなら、
おれの心は葡萄の液でたのしいのだ。
現物をとれ、あの世の約束に手を出すな、
遠くきく太鼓はすべて音がよいのだ。",1,
91,0,ままよ、どうあろうと,"なにびとも楽土や煉獄を見ていない、
あの世から帰ってきたという人はない。
われらのねがいやおそれもそれではなく、
ただこの命――消えて名前しかとどめない！","なにびとも楽土や煉獄れんごくを見ていない、
あの世から帰ってきたという人はない。
われらのねがいやおそれもそれではなく、
ただこの命――消えて名前しかとどめない！",0,
92,1,ままよ、どうあろうと,"おれは天国の住人なのか、それとも
地獄に落ちる身なのか、わからぬ。
草の上の盃と花の乙女と長琴さえあれば、
この現物と引き替えに天国は君にやるよ。","おれは天国の住人なのか、それとも
地獄に落ちる身なのか、わからぬ。
草の上の盃と花の乙女と長琴さえあれば、
この現物と引き替えに天国は君にやるよ。",1,
93,0,ままよ、どうあろうと,"この世に永久にとどまるわれらじゃないぞ、
愛しい人や美酒をとり上げるとは罪だぞ。
いつまで旧慣にとらわれているのか、賢者よ？
自分が去ってからの世に何の旧慣があろうぞ！","この世に永久にとどまるわれらじゃないぞ、
愛いとしい人や美酒うまざけをとり上げるとは罪だぞ。
いつまで旧慣にとらわれているのか、賢者よ？
自分が去ってからの世に何の旧慣があろうぞ！",1,
94,0,ままよ、どうあろうと,"はじめから自由意志でここへ来たのでない。
あてどなく立ち去るのも自分の心でない。
酒姫よ、さあ、早く起きて仕度をなさい、
この世の憂いを生の酒で洗いなさい。","はじめから自由意志でここへ来たのでない。
あてどなく立ち去るのも自分の心でない。
酒姫サーキイよ、さあ、早く起きて仕度をなさい、
この世の憂いを生きの酒で洗いなさい。",1,
95,0,ままよ、どうあろうと,"バグダードでも、バルクでも、命はつきる。
酒が甘かろうと、苦かろうと、盃は満ちる。
たのしむがいい、おれと君と立ち去ってからも、
月は無限に朔望をかけめぐる！","バグダードでも、バルクでも、命はつきる。
酒が甘かろうと、苦かろうと、盃は満ちる。
たのしむがいい、おれと君と立ち去ってからも、
月は無限に朔望さくぼうをかけめぐる！",1,"バグダード:アッバス朝時代（七四九－一二五八年）のカリフの首都、当時イスラム文化の中心地であった。のちイラクの首府。,バルク:現在は北アフガニスタンの小都であるが、古代にはバクトリアの都として、また中世にはブハラやネイシャプールと並ぶ東ペルシアの中心地の一つとして文化の栄えた所。"
96,1,ままよ、どうあろうと,"選ぶならば、酒場の舞い男の道がよい。
酒と楽の音と恋人と、そのほかには何もない！
手には酒盃、肩には瓶子ひとすじに
酒をのめ、君、つまらぬことを言わぬがよい。","選ぶならば、酒場の舞い男カランダールの道がよい。
酒と楽の音と恋人と、そのほかには何もない！
手には酒盃、肩には瓶子へいしひとすじに
酒をのめ、君、つまらぬことを言わぬがよい。
",1,舞い男:イスラム教の教団の一つに歓喜して踊り狂うことによって神との合一の三昧境を現出しようとするのがあるが、この教団に属する修道者がカランダールである。
97,1,ままよ、どうあろうと,"酒姫よ、寄る年の憂いの波にさらわれてしまった、
おれの酔いは程度を越してしまった。
だがつもる齢の盃になお君の酒をよろこぶのは、
頭に霜をいただいても心に春の風が吹くから。","酒姫サーキイよ、寄る年の憂いの波にさらわれてしまった、
おれの酔いは程度を越してしまった。
だがつもる齢よわいの盃つきになお君の酒をよろこぶのは、
頭に霜をいただいても心に春の風が吹くから。",1,
98,1,ままよ、どうあろうと,"一壺の紅の酒、一巻の歌さえあれば、
それにただ命をつなぐ糧さえあれば、
君とともにたとえ荒屋に住まおうとも、
心は王侯の栄華にまさるたのしさ！","一壺の紅あけの酒、一巻の歌さえあれば、
それにただ命をつなぐ糧かてさえあれば、
君とともにたとえ荒屋あばらやに住まおうとも、
心は王侯スルタンの栄華にまさるたのしさ！",1,
99,0,ままよ、どうあろうと,"おれは有と無の現象を知った。
またかぎりない変転の本質を知った。
しかもそのさかしさのすべてをさげすむ、
酔いの彼方にはそれ以上の境地があった。","おれは有と無の現象あらわれを知った。
またかぎりない変転の本質もとを知った。
しかもそのさかしさのすべてをさげすむ、
酔いの彼方かなたにはそれ以上の境地があった。",1,
100,0,ままよ、どうあろうと,"酒姫の心づくしでとりとめたおれの命、
今はむなしく創世の論議も解けず、
昨夜の酒も余すところわずかに一杯、
さてあとはいつまでつづく？　おれの命！","酒姫サーキイの心づくしでとりとめたおれの命、
今はむなしく創世の論議も解けず、
昨夜の酒も余すところわずかに一杯、
さてあとはいつまでつづく？　おれの命！",1,
101,0,むなしさよ,"九重の空のひろがりは虚無だ！
地の上の形もすべて虚無だ！
たのしもうよ、生滅の宿にいる身だ、
ああ、一瞬のこの命とて虚無だ！","九重の空のひろがりは虚無だ！
地の上の形もすべて虚無だ！
たのしもうよ、生滅の宿にいる身だ、
ああ、一瞬のこの命とて虚無だ！",0,
102,0,むなしさよ,"時の中で何を見ようと、何を聞こうと、
また何を言おうと、みんな無駄なこと。
野に出でて地平のきわみを駈けめぐろうと、
家にいて想いにふけろうと無駄なこと。","時の中で何を見ようと、何を聞こうと、
また何を言おうと、みんな無駄むだなこと。
野に出でて地平のきわみを駈かけめぐろうと、
家にいて想いにふけろうと無駄なこと。",0,
103,0,むなしさよ,"世の中が思いのままに動いたとてなんになろう？
命の書を読みつくしたとてなんになろう？
心のままに百年を生きていたとて、
更に百年を生きていたとてなんになろう？","世の中が思いのままに動いたとてなんになろう？
命の書を読みつくしたとてなんになろう？
心のままに百年を生きていたとて、
更さらに百年を生きていたとてなんになろう？",0,
104,1,むなしさよ,"地の青馬にうち跨っている酔漢を見たか？
邪宗も、イスラムも、まして信仰や戒律どころか、
神も、真理も、世の中も眼中にないありさま、
二つの世にかけてこれ以上の勇者があったか？","地の青馬にうち跨またがっている酔漢よいどれを見たか？
邪宗も、イスラムも、まして信仰や戒律どころか、
神も、真理も、世の中も眼中にないありさま、
二つの世にかけてこれ以上の勇者があったか？",1,イスラム:回教とも言う。マホメットのはじめた宗教。唯一神アッラーを信じ、日に五回の礼拝を行い、斎戒をし、喜捨を寄せ、メッカへの巡礼をするイスラム教徒は、イスラムを唯一の正信と信じ、その他の宗教をすべて邪信と見ている。
105,0,むなしさよ,"戸惑うわれらをのせてめぐる宇宙は、
たとえてみれば幻の走馬燈だ。
日の燈火を中にしてめぐるは空の輪台、
われらはその上を走りすぎる影絵だ。","戸惑とまどうわれらをのせてめぐる宇宙は、
たとえてみれば幻の走馬燈だ。
日の燈火ともしびを中にしてめぐるは空の輪台、
われらはその上を走りすぎる影絵だ。",0,
106,0,むなしさよ,"ないものにも掌の中の風があり、
あるものには崩壊と不足しかない。
ないかと思えば、すべてのものがあり、
あるかと見れば、すべてのものがない。","ないものにも掌ての中の風があり、
あるものには崩壊と不足しかない。
ないかと思えば、すべてのものがあり、
あるかと見れば、すべてのものがない。",0,
107,0,むなしさよ,"世に生れて来た効果しるしに何があるか？
生きた生命の結果として何が残るか？
饗宴の燭ともしびとなってもやがて消えはて、
ジャムの酒盃となってもやがては砕ける。","世に生れて来た効果しるしに何があるか？
生きた生命の結果として何が残るか？
饗宴の燭ともしびとなってもやがて消えはて、
ジャムの酒盃となってもやがては砕ける。",0,ジャムの酒盃:ジャムシード王の七輪の杯。七天、七星、七海などに象った七つの輪を有し、世の中の出来事はことごとくこれに映して見ることができたといわれる。
108,0,一瞬をいかせ,"迷いの門から正信までは、ただの一瞬、
懐疑の中から悟りに入るまでもただの一瞬。
かくも尊い一瞬をたのしくしよう、
命の実効はわずかにこの一瞬。","迷いの門から正信までは、ただの一瞬ひととき、
懐疑の中から悟りに入るまでもただの一瞬。
かくも尊い一瞬をたのしくしよう、
命の実効しるしはわずかにこの一瞬。",0,
109,0,一瞬をいかせ,"たのしくすごせ、ただひとときの命を。
一片の土塊もケイコバードやジャムだよ。
世の現象も、人の命も、けっきょく
つかのまの夢よ、錯覚よ、幻よ！","たのしくすごせ、ただひとときの命を。
一片ひとかけの土塊つちくれもケイコバードやジャムだよ。
世の現象も、人の命も、けっきょく
つかのまの夢よ、錯覚よ、幻よ！",0,
110,0,一瞬をいかせ,"大空に月と日が姿を現わしてこのかた
紅の美酒にまさるものはなかった。
腑に落ちないのは酒を売る人々のこと、
このよきものを売って何に替えようとか？","大空に月と日が姿を現わしてこのかた
紅くれないの美酒うまざけにまさるものはなかった。
腑に落ちないのは酒を売る人々のこと、
このよきものを売って何に替えようとか？",1,
111,0,一瞬をいかせ,"月の光に夜は衣の裾をからげた。
酒をのむにまさるたのしい瞬間があろうか？
たのしもう！　何をくよくよ？　いつの日か月の光は
墓場の石を一つずつ照らすだろうさ。","月の光に夜は衣の裾すそをからげた。
酒をのむにまさるたのしい瞬間ときがあろうか？
たのしもう！　何をくよくよ？　いつの日か月の光は
墓場の石を一つずつ照らすだろうさ。",1,
112,0,一瞬をいかせ,"あすの日が誰にいったい保証出来よう？
哀れな胸を今この時こそたのしくしよう。
月の君よ、さあ、月の下で酒をのもう、
われらは行くし、月はかぎりなくめぐって来よう！","あすの日が誰にいったい保証出来よう？
哀れな胸を今この時こそたのしくしよう。
月の君よ、さあ、月の下で酒をのもう、
われらは行くし、月はかぎりなくめぐって来よう！",1,月の君:愛人を月になぞらえて呼んだ愛称。
113,0,一瞬をいかせ,"あわれ、人の世の旅隊は過ぎて行くよ。
この一瞬をわがものとしてたのしもうよ。
あしたのことなんか何を心配するのか？　酒姫よ！
さあ、早く酒盃を持て、今宵も過ぎて行くよ！","あわれ、人の世の旅隊キャラヴァンは過ぎて行くよ。
この一瞬ひとときをわがものとしてたのしもうよ。
あしたのことなんか何を心配するのか？　酒姫サーキイよ！
さあ、早く酒盃を持て、今宵こよいも過ぎて行くよ！",1,
114,0,一瞬をいかせ,"東の空の白むとき何故が
声を上げて騒ぐかを知っているか？
朝の鏡に夜の命のうしろ姿が
映っても知らない君に告げようとさ。","東の空の白むとき何故なぜにわとりが
声を上げて騒ぐかを知っているか？
朝の鏡に夜の命のうしろ姿が
映っても知らない君に告げようとさ。",0,
115,0,一瞬をいかせ,"夜は明けた、起きようよ、ねえ酒姫
酒をのみ、琴を弾け、静かに、しずかに！
相宿の客は一人も目がさめぬよう、
立ち去った客もかえって来ぬように！","夜は明けた、起きようよ、ねえ酒姫サーキイ
酒をのみ、琴を弾け、静かに、しずかに！
相宿の客は一人も目がさめぬよう、
立ち去った客もかえって来ぬように！",1,
116,0,一瞬をいかせ,"わが心の偶像よ、さあ、朝だ、
酒を持て、琴をつまびき、うたえ歌。
千万のジャムシードやケイホスロウら
夏が来て冬が行くまに土の中！","わが心の偶像よ、さあ、朝だ、
酒を持て、琴をつまびき、うたえ歌。
千万のジャムシードやケイホスロウら
夏が来て冬が行くまに土の中！",1,
117,0,一瞬をいかせ,"朝の一瞬を紅の酒にすごそう、
恥や外聞の醜い殻を石に打とう。
甲斐のないそらだのみからさっさと手を引き、
丈なす髪と琴の上にその手を置こう。","朝の一瞬ひとときを紅くれないの酒にすごそう、
恥や外聞の醜い殻を石に打とう。
甲斐かいのないそらだのみからさっさと手を引き、
丈なす髪と琴の上にその手を置こう。",1,
118,0,一瞬をいかせ,"こころよい日和、寒くなく、暑くない。
空に雲　花の面の埃を流し、
薔薇に浮かれた鶯はパハラヴイ語で、
酒のめと声ふりしぼることしきり。","こころよい日和ひより、寒くなく、暑くない。
空に雲　花の面の埃ほこりを流し、
薔薇ばらに浮かれた鶯うぐいすはパハラヴイ語で、
酒のめと声ふりしぼることしきり。",1,パハラヴイ語:中世ペルシア語。イランがアラビア人に征服される以前、三世紀から七世紀にかけてササン王朝時代に用いられていた言葉で、その後上層階級には忘れ去られ、わずかに下層の国民大衆の間に語りつがれていた。
119,0,一瞬をいかせ,"花のころ、水のほとりの草の上で、
おれの手をとるこの世の天女二、三人。
世の煩いも天国ののぞみもよそに、
盃にさても満たそう、朝の酒！","花のころ、水のほとりの草の上で、
おれの手をとるこの世の天女二、三人。
世の煩わずらいも天国ののぞみもよそに、
盃さかずきにさても満たそう、朝の酒！",1,
120,0,一瞬をいかせ,"はなびらに新春の風はたのしく、
草原の花の乙女の顔もたのしく、
過ぎ去ったことを思うのはたのしくない。
過去をすて、今日この日だけすごせ、たのしく。","はなびらに新春ノールーズの風はたのしく、
草原の花の乙女の顔もたのしく、
過ぎ去ったことを思うのはたのしくない。
過去をすて、今日この日だけすごせ、たのしく。",0,
121,0,一瞬をいかせ,"草は生え、花も開いた、酒姫よ
七、八日地にしくまでにたのしめよ。
酒をのみ、花を手折れよ、遠慮せば
花も散り、草も枯れよう、早くせよ。","草は生え、花も開いた、酒姫サーキイよ
七、八日地にしくまでにたのしめよ。
酒をのみ、花を手折たおれよ、遠慮せば
花も散り、草も枯れよう、早くせよ。",1,
122,0,一瞬をいかせ,"新春にはチューリップの盃上げて、
チューリップの乙女の酒に酔え。
どうせいつかは天の車が
土に踏み敷く身と思え。","新春ノールーズにはチューリップの盃はい上げて、
チューリップの乙女おとめの酒に酔え。
どうせいつかは天の車が
土に踏み敷く身と思え。",1,
123,0,一瞬をいかせ,"菫は衣を色にそめ、薔薇の袂に
そよかぜが妙なる楽を奏でるとき、
もし心ある人ならば、玉の乙女と酒をくみ、
その盃を破るだろうよ、石の面に。","菫すみれは衣を色にそめ、薔薇の袂たもとに
そよかぜが妙なる楽を奏でるとき、
もし心ある人ならば、玉の乙女と酒をくみ、
その盃を破るだろうよ、石の面もに。",1,
124,0,一瞬をいかせ,"さあ、起きて、嘆くなよ、君、行く世の悲しみを。
たのしみのうちにすごそう、一瞬を。
世にたとえ信義というものがあろうとも、
君の番が来るのはいつか判らぬぞ。","さあ、起きて、嘆くなよ、君、行く世の悲しみを。
たのしみのうちにすごそう、一瞬ひとときを。
世にたとえ信義というものがあろうとも、
君の番が来るのはいつか判わからぬぞ。",0,
125,0,一瞬をいかせ,"大空の極はどこにあるのか見えない。
酒をのめ、天のめぐりは心につらい。
嘆くなよ、お前の番がめぐって来ても、
星の下誰にも一度はめぐるその盃。","大空の極きわみはどこにあるのか見えない。
酒をのめ、天そらのめぐりは心につらい。
嘆くなよ、お前の番がめぐって来ても、
星の下もと誰にも一度はめぐるその盃はい。",1,
126,0,一瞬をいかせ,"学問のことはすっかりあきらめ、
ひたすらに愛する者の捲毛にすがれ。
日のめぐりがお前の血汐を流さぬまに
お前は盃に葡萄の血汐を流せ。","学問のことはすっかりあきらめ、
ひたすらに愛する者の捲毛まきげにすがれ。
日のめぐりがお前の血汐を流さぬまに
お前は盃はいに葡萄ぶどうの血汐を流せ。",1,
127,0,一瞬をいかせ,"人生はその日その夜を嘆きのうちに
すごすような人にはもったいない。
君の器が砕けて土に散らぬまえに、
君は器の酒のめよ、琴のしらべに！","人生はその日その夜を嘆きのうちに
すごすような人にはもったいない。
君の器が砕けて土に散らぬまえに、
君は器の酒のめよ、琴のしらべに！",1,
128,1,一瞬をいかせ,"春が来て、冬がすぎては、いつのまにか
人生の絵巻はむなしくとじてしまった。
酒をのみ、悲しむな。悲しみは心の毒、
それを解く薬は酒と、古人も説いた。","春が来て、冬がすぎては、いつのまにか
人生の絵巻はむなしくとじてしまった。
酒をのみ、悲しむな。悲しみは心の毒、
それを解く薬は酒と、古人も説いた。",1,
129,0,一瞬をいかせ,"お前の名がこの世から消えないうちに
酒をのめ、酒が胸に入れば悲しみは去る。
女神の鬢の束また束を解きほぐせ、
お前の身が節々解けて散らないうちに。","お前の名がこの世から消えないうちに
酒をのめ、酒が胸に入れば悲しみは去る。
女神の鬢びんの束また束を解きほぐせ、
お前の身が節々ふしぶし解けて散らないうちに。",1,
130,1,一瞬をいかせ,"さあ、一緒にあすの日の悲しみを忘れよう、
ただ一瞬のこの人生をとらえよう。
あしたこの古びた修道院を出て行ったら、
七千年前の旅人と道伴れになろう。","さあ、一緒にあすの日の悲しみを忘れよう、
ただ一瞬ひとときのこの人生をとらえよう。
あしたこの古びた修道院を出て行ったら、
七千年前の旅人と道伴みちづれになろう。",0,
131,1,一瞬をいかせ,"胸をたたけ、ああ、よるべない大空の下、
酒をのめ、ああ、はかない世の中。
土から生れて土に入るのか、いっそのこと、
土の上でなくて中にあるものと思おう。","胸をたたけ、ああ、よるべない大空の下、
酒をのめ、ああ、はかない世の中。
土から生れて土に入るのか、いっそのこと、
土の上でなくて中にあるものと思おう。",1,
132,0,一瞬をいかせ,"心はたぎる、早くこの手に酒をくれ！
命、いのち、銀露のようにたばしる！
とらえないと青春の火も水となる。
さあ、早く物にくらんだ目をさませ！","心はたぎる、早くこの手に酒をくれ！
命、いのち、銀露のようにたばしる！
とらえないと青春の火も水となる。
さあ、早く物にくらんだ目をさませ！",1,
133,0,一瞬をいかせ,"酒をのめ、それこそ永遠の生命だ、
また青春の唯一の効果だ。
花と酒、君も浮かれる春の季節に、
たのしめ一瞬を、それこそ真の人生だ！","酒をのめ、それこそ永遠の生命だ、
また青春の唯一ゆいつの効果しるしだ。
花と酒、君も浮かれる春の季節に、
たのしめ一瞬ひとときを、それこそ真の人生だ！",1,
134,0,一瞬をいかせ,"酒をのめ、マハムードの栄華はこれ。
琴をきけ、ダヴィデの歌のしらべはこれ。
さきのこと、過ぎたことは、みな忘れよう
今さえたのしければよい――人生の目的はそれ。","酒をのめ、マハムードの栄華はこれ。
琴をきけ、ダヴィデの歌のしらべはこれ。
さきのこと、過ぎたことは、みな忘れよう
今さえたのしければよい――人生の目的はそれ。",1,"マハムード――ガズニ王朝（九七七－一一八六年）の英主スルタン・マハムード（九九八－一〇三〇年）。インドを侵略して数多の財宝を掠取した。,ダヴィデ:聖書に見えるイスラエルの王で『詩篇』の作者。イスラム教徒は彼を美声の歌手の典型と考えている。"
135,0,一瞬をいかせ,"あしたのことは誰にだってわからない、
あしたのことを考えるのは憂鬱なだけ。
気がたしかならこの一瞬を無駄にするな、
二度とかえらぬ命、だがもうのこりは少い。","あしたのことは誰にだってわからない、
あしたのことを考えるのは憂鬱ゆううつなだけ。
気がたしかならこの一瞬ひとときを無駄むだにするな、
二度とかえらぬ命、だがもうのこりは少い。",0,
136,1,一瞬をいかせ,"時のめぐりも酒や酒姫がなくては無だ、
イラクの笛も節がなくては無だ。
つくずく世のありさまをながめると、
生れた得はたのしみだけ、そのほかは無だ！","時のめぐりも酒や酒姫サーキイがなくては無だ、
イラクの笛も節ふしがなくては無だ。
つくずく世のありさまをながめると、
生れた得とくはたのしみだけ、そのほかは無だ！",1,イラク:メソポタミアとイランの一部を含む地方。
137,0,一瞬をいかせ,"いつまで有る無しのわずらいになやんでおれよう？
短い命をたのしむに何をためらう？
酒盃に酒をつげ、この胸に吸い込む息が
出て来るものかどうか、誰に判ろう？","いつまで有る無しのわずらいになやんでおれよう？
短い命をたのしむに何をためらう？
酒盃に酒をつげ、この胸に吸い込む息が
出て来るものかどうか、誰に判ろう？",1,
138,0,一瞬をいかせ,"仰向けにねて胸に両手を合わさぬうち、
はこぶなよ、たのしみの足を悲しみへ。
夜のあけぬまに起きてこの世の息を吸え、
夜はくりかえしあけても、息はつづくまい。","仰向あおむけにねて胸に両手を合わさぬうち、
はこぶなよ、たのしみの足を悲しみへ。
夜のあけぬまに起きてこの世の息を吸え、
夜はくりかえしあけても、息はつづくまい。",0,胸に両手を合わす:永眠すること。
139,0,一瞬をいかせ,"永遠の命ほしさにむさぼるごとく
冷い土器に唇触れてみる。
土器は唇かえし、謎の言葉で――
　酒をのめ、二度とかえらぬ世の中だと。","永遠の命ほしさにむさぼるごとく
冷い土器かわらけに唇くち触れてみる。
土器かわらけは唇くちかえし、謎なぞの言葉で――
　酒をのめ、二度とかえらぬ世の中だと。",1,
140,0,一瞬をいかせ,"さあ、ハイヤームよ、酒に酔って、
チューリップのような美女によろこべ。
世の終局は虚無に帰する。
よろこべ、ない筈のものがあると思って。","さあ、ハイヤームよ、酒に酔って、
チューリップのような美女によろこべ。
世の終局は虚無に帰する。
よろこべ、ない筈はずのものがあると思って。",1,
141,0,一瞬をいかせ,"もうわずらわしい学問はすてよう、
白髪の身のなぐさめに酒をのもう。
つみ重ねて来た七十の齢の盃を
今この瞬間でなくいつの日にたのしみ得よう？","もうわずらわしい学問はすてよう、
白髪の身のなぐさめに酒をのもう。
つみ重ねて来た七十の齢よわいの盃つきを
今この瞬間ときでなくいつの日にたのしみ得よう？",1,
142,0,一瞬をいかせ,"めぐる宇宙は廃物となったわれらの体躯、
ジェイホンの流れは人々の涙の跡、
地獄というのは甲斐もない悩みの火で、
極楽はこころよく過ごした一瞬。","めぐる宇宙は廃物となったわれらの体躯からだ、
ジェイホンの流れは人々の涙の跡、
地獄というのは甲斐かいもない悩みの火で、
極楽はこころよく過ごした一瞬ひととき。",0,ジェイホンの流れ:オクサス河。アムダリアとも言う。
143,0,一瞬をいかせ,"いつまで一生をうぬぼれておれよう、
有る無しの論議になどふけっておれよう？
酒をのめ、こう悲しみの多い人生は
眠るか酔うかしてすごしたがよかろう！","いつまで一生をうぬぼれておれよう、
有る無しの論議になどふけっておれよう？
酒をのめ、こう悲しみの多い人生は
眠るか酔うかしてすごしたがよかろう！",1,